device,requests,downloads,downloadsPerRequests
0,370686,39996,0.10789724996358104
1,74829768,136171,0.0018197437148275001
2,3287136,835,0.00025402052120751924
4,702,134,0.1908831908831909
6,5005,1211,0.24195804195804196
7,1306,267,0.20444104134762633
8,432,75,0.1736111111111111
9,481,97,0.20166320166320167
10,15,2,0.13333333333333333
11,672,106,0.15773809523809523
12,24,4,0.16666666666666666
13,11,0,0.0
14,207,41,0.19806763285024154
15,77,13,0.16883116883116883
16,3976,894,0.22484909456740443
17,163,26,0.15950920245398773
18,2753,586,0.21285869960043588
19,171,30,0.17543859649122806
20,751,99,0.1318242343541944
21,2040,450,0.22058823529411764
22,63,9,0.14285714285714285
23,21,2,0.09523809523809523
24,110,25,0.22727272727272727
25,821,128,0.1559074299634592
26,63,3,0.047619047619047616
27,70,6,0.08571428571428572
28,63,10,0.15873015873015872
29,163,13,0.07975460122699386
30,1557,316,0.2029543994861914
31,4,0,0.0
32,84,24,0.2857142857142857
33,2226,466,0.20934411500449238
34,189,32,0.1693121693121693
35,94,18,0.19148936170212766
36,367,92,0.2506811989100817
37,1381,273,0.19768283852280955
38,42,8,0.19047619047619047
39,26,3,0.11538461538461539
40,4896,1076,0.21977124183006536
41,9,2,0.2222222222222222
42,354,62,0.1751412429378531
43,22,1,0.045454545454545456
44,214,44,0.205607476635514
45,240,50,0.20833333333333334
46,1106,184,0.16636528028933092
47,19,3,0.15789473684210525
48,21,1,0.047619047619047616
49,170,23,0.13529411764705881
50,1077,232,0.21541318477251625
51,178,36,0.20224719101123595
52,98,14,0.14285714285714285
53,375,58,0.15466666666666667
54,291,64,0.21993127147766323
55,1,0,0.0
56,923,158,0.17118093174431204
57,66,9,0.13636363636363635
58,132,27,0.20454545454545456
59,9426,9,0.0009548058561425843
60,925,162,0.17513513513513512
61,293,40,0.13651877133105803
62,11,0,0.0
63,77,15,0.19480519480519481
64,103,8,0.07766990291262135
65,33,3,0.09090909090909091
66,27,5,0.18518518518518517
67,1512,335,0.22156084656084657
68,284,50,0.176056338028169
69,24,3,0.125
70,47,4,0.0851063829787234
71,30,3,0.1
72,191,27,0.14136125654450263
73,428,60,0.14018691588785046
74,204,34,0.16666666666666666
75,123,32,0.2601626016260163
76,537,116,0.21601489757914338
77,21,3,0.14285714285714285
78,1087,222,0.20423183072677092
79,90,22,0.24444444444444444
80,38,6,0.15789473684210525
81,15,0,0.0
82,925,166,0.17945945945945946
83,39,6,0.15384615384615385
84,68,21,0.3088235294117647
86,99,23,0.23232323232323232
87,13,2,0.15384615384615385
88,1346,318,0.2362555720653789
89,434,93,0.21428571428571427
90,35,7,0.2
92,119,11,0.09243697478991597
93,2,0,0.0
94,228,47,0.20614035087719298
95,298,67,0.22483221476510068
96,776,120,0.15463917525773196
97,969,186,0.19195046439628483
98,4,0,0.0
99,59,4,0.06779661016949153
100,378,56,0.14814814814814814
101,598,147,0.24581939799331104
102,255,43,0.16862745098039217
103,441,79,0.17913832199546487
104,147,20,0.1360544217687075
105,40,5,0.125
106,352,46,0.13068181818181818
107,52,7,0.1346153846153846
108,63,10,0.15873015873015872
109,1196,267,0.22324414715719063
110,46,7,0.15217391304347827
112,125,17,0.136
113,34,6,0.17647058823529413
114,1358,286,0.2106038291605302
115,51,9,0.17647058823529413
116,210,40,0.19047619047619047
117,4,0,0.0
118,181,35,0.19337016574585636
119,7,1,0.14285714285714285
120,3,1,0.3333333333333333
122,154,21,0.13636363636363635
123,25,2,0.08
124,520,94,0.18076923076923077
126,12,2,0.16666666666666666
127,352,62,0.17613636363636365
128,19,1,0.05263157894736842
129,286,53,0.1853146853146853
130,25,0,0.0
131,99,10,0.10101010101010101
132,162,21,0.12962962962962962
133,25,8,0.32
134,82,7,0.08536585365853659
135,17,3,0.17647058823529413
136,671,133,0.19821162444113263
137,490,110,0.22448979591836735
138,50,3,0.06
139,2,0,0.0
140,103,12,0.11650485436893204
141,149,18,0.12080536912751678
142,35,3,0.08571428571428572
144,25,2,0.08
145,24,5,0.20833333333333334
146,8,1,0.125
147,62,10,0.16129032258064516
148,33,4,0.12121212121212122
149,23,5,0.21739130434782608
150,67,9,0.13432835820895522
151,21,2,0.09523809523809523
152,29,1,0.034482758620689655
153,90,4,0.044444444444444446
154,1709,269,0.15740198946752487
155,84,9,0.10714285714285714
156,94,14,0.14893617021276595
157,97,16,0.16494845360824742
158,10,1,0.1
159,23,1,0.043478260869565216
160,399,66,0.16541353383458646
161,179,20,0.11173184357541899
162,70,11,0.15714285714285714
163,90,9,0.1
164,1,0,0.0
165,20,2,0.1
166,159,27,0.16981132075471697
167,105,18,0.17142857142857143
168,333,69,0.2072072072072072
169,151,27,0.17880794701986755
170,34,6,0.17647058823529413
171,110,16,0.14545454545454545
172,133,24,0.18045112781954886
173,71,5,0.07042253521126761
174,4,0,0.0
175,1,0,0.0
177,136,13,0.09558823529411764
178,9,1,0.1111111111111111
179,34,5,0.14705882352941177
180,111,26,0.23423423423423423
181,124,20,0.16129032258064516
182,569,0,0.0
183,142,18,0.1267605633802817
184,79,16,0.20253164556962025
185,19,3,0.15789473684210525
186,32,5,0.15625
187,166,27,0.16265060240963855
188,152,40,0.2631578947368421
189,406,84,0.20689655172413793
190,272,42,0.15441176470588236
191,1,0,0.0
192,14,3,0.21428571428571427
193,4,1,0.25
194,51,6,0.11764705882352941
195,26,3,0.11538461538461539
196,131,24,0.183206106870229
197,27,4,0.14814814814814814
198,3,0,0.0
199,38,5,0.13157894736842105
200,66,1,0.015151515151515152
201,64,15,0.234375
202,85,13,0.15294117647058825
203,890,127,0.14269662921348314
204,99,18,0.18181818181818182
205,18,4,0.2222222222222222
206,25,3,0.12
207,55,11,0.2
208,145,16,0.1103448275862069
209,242,35,0.1446280991735537
210,553,83,0.15009041591320071
211,670,161,0.24029850746268658
212,155,28,0.18064516129032257
213,26,5,0.19230769230769232
214,522,83,0.15900383141762453
215,11,0,0.0
216,7,1,0.14285714285714285
217,95,13,0.1368421052631579
218,34,3,0.08823529411764706
219,30,6,0.2
220,761,141,0.18528252299605782
221,54,6,0.1111111111111111
222,5,0,0.0
223,25,4,0.16
224,66,10,0.15151515151515152
225,3,0,0.0
226,34,3,0.08823529411764706
227,4,0,0.0
228,3,2,0.6666666666666666
229,209,25,0.11961722488038277
230,170,34,0.2
231,424,76,0.1792452830188679
232,4,0,0.0
233,23,3,0.13043478260869565
234,453,70,0.1545253863134658
235,172,24,0.13953488372093023
236,135,29,0.21481481481481482
237,10,2,0.2
238,3,1,0.3333333333333333
239,63,13,0.20634920634920634
240,308,56,0.18181818181818182
241,296,55,0.1858108108108108
242,56,6,0.10714285714285714
244,66,4,0.06060606060606061
245,2,0,0.0
246,5,1,0.2
247,26,4,0.15384615384615385
248,17,1,0.058823529411764705
249,74,9,0.12162162162162163
250,22,1,0.045454545454545456
251,276,61,0.2210144927536232
252,8,2,0.25
253,22,0,0.0
254,61,15,0.2459016393442623
255,9,0,0.0
256,3,0,0.0
257,1,0,0.0
259,66,7,0.10606060606060606
260,131,25,0.19083969465648856
261,28,5,0.17857142857142858
262,125,20,0.16
263,446,71,0.1591928251121076
264,136,17,0.125
265,8,0,0.0
266,54,5,0.09259259259259259
268,30,2,0.06666666666666667
269,34,10,0.29411764705882354
270,42,9,0.21428571428571427
271,17,2,0.11764705882352941
272,7,0,0.0
273,20,1,0.05
274,104,21,0.20192307692307693
275,85,16,0.18823529411764706
276,359,47,0.1309192200557103
277,13,1,0.07692307692307693
278,12,2,0.16666666666666666
279,1,0,0.0
280,166,26,0.1566265060240964
281,3,1,0.3333333333333333
283,1,0,0.0
284,27,3,0.1111111111111111
285,1,0,0.0
286,9,3,0.3333333333333333
287,70,6,0.08571428571428572
288,60,9,0.15
289,26,2,0.07692307692307693
290,117,24,0.20512820512820512
291,89,10,0.11235955056179775
292,163,29,0.17791411042944785
293,16,6,0.375
294,15,1,0.06666666666666667
296,23,4,0.17391304347826086
297,27,5,0.18518518518518517
298,9,2,0.2222222222222222
299,616,141,0.2288961038961039
300,1,1,1.0
301,170,25,0.14705882352941177
303,3,0,0.0
304,6,0,0.0
305,40,2,0.05
306,2,0,0.0
307,11,1,0.09090909090909091
308,41,4,0.0975609756097561
309,177,27,0.15254237288135594
310,54,7,0.12962962962962962
311,48,10,0.20833333333333334
312,15,3,0.2
313,72,13,0.18055555555555555
314,72,18,0.25
315,49,4,0.08163265306122448
316,3,0,0.0
317,47,7,0.14893617021276595
318,13,3,0.23076923076923078
319,47,8,0.1702127659574468
320,100,16,0.16
321,34,2,0.058823529411764705
322,170,42,0.24705882352941178
323,2,0,0.0
324,30,4,0.13333333333333333
325,7,1,0.14285714285714285
326,56,12,0.21428571428571427
327,8,2,0.25
328,14,2,0.14285714285714285
329,215,53,0.24651162790697675
330,16,2,0.125
331,59,15,0.2542372881355932
332,4,1,0.25
333,112,21,0.1875
334,310,35,0.11290322580645161
335,4,0,0.0
336,19,5,0.2631578947368421
337,161,39,0.2422360248447205
338,216,54,0.25
339,99,13,0.13131313131313133
340,44,5,0.11363636363636363
341,21,2,0.09523809523809523
342,57,8,0.14035087719298245
343,630,114,0.18095238095238095
344,161,28,0.17391304347826086
345,16,0,0.0
346,25,4,0.16
347,110,18,0.16363636363636364
348,106,20,0.18867924528301888
349,33,5,0.15151515151515152
350,321,40,0.12461059190031153
351,205,40,0.1951219512195122
353,8,1,0.125
354,9,3,0.3333333333333333
356,108,16,0.14814814814814814
357,166,35,0.21084337349397592
358,15,3,0.2
360,11,4,0.36363636363636365
361,40,4,0.1
362,211,36,0.17061611374407584
363,20,6,0.3
365,19,4,0.21052631578947367
367,167,22,0.1317365269461078
368,12,2,0.16666666666666666
369,19,6,0.3157894736842105
370,15,3,0.2
372,137,17,0.12408759124087591
373,2,1,0.5
374,396,67,0.1691919191919192
376,37,6,0.16216216216216217
377,78,13,0.16666666666666666
378,15,1,0.06666666666666667
379,303,69,0.22772277227722773
380,10,3,0.3
381,391,76,0.19437340153452684
382,10,3,0.3
383,115,22,0.19130434782608696
384,62,9,0.14516129032258066
385,126,15,0.11904761904761904
386,77,14,0.18181818181818182
387,98,13,0.1326530612244898
388,30,8,0.26666666666666666
389,97,17,0.17525773195876287
391,22,4,0.18181818181818182
393,3,1,0.3333333333333333
394,1,0,0.0
395,276,39,0.14130434782608695
396,290,48,0.16551724137931034
397,19,7,0.3684210526315789
398,54,6,0.1111111111111111
399,92,16,0.17391304347826086
400,91,15,0.16483516483516483
401,80,17,0.2125
403,17,3,0.17647058823529413
405,129,24,0.18604651162790697
406,2,0,0.0
407,7,2,0.2857142857142857
408,13,3,0.23076923076923078
409,84,20,0.23809523809523808
410,67,6,0.08955223880597014
411,5,0,0.0
413,33,3,0.09090909090909091
414,57,13,0.22807017543859648
415,34,3,0.08823529411764706
416,46,13,0.2826086956521739
417,191,41,0.21465968586387435
418,15,1,0.06666666666666667
419,26,4,0.15384615384615385
420,18,2,0.1111111111111111
421,80,6,0.075
422,196,15,0.07653061224489796
423,48,4,0.08333333333333333
424,20,2,0.1
426,11,0,0.0
427,2,0,0.0
428,7,2,0.2857142857142857
429,4,0,0.0
430,10,1,0.1
431,159,25,0.15723270440251572
432,16,1,0.0625
433,5,0,0.0
434,3,1,0.3333333333333333
435,13,1,0.07692307692307693
436,2,1,0.5
437,61,7,0.11475409836065574
438,3,1,0.3333333333333333
439,55,12,0.21818181818181817
440,4,0,0.0
441,45,11,0.24444444444444444
442,3,0,0.0
443,2,0,0.0
445,21,4,0.19047619047619047
446,1,0,0.0
447,104,13,0.125
450,8,3,0.375
452,10,2,0.2
453,106,17,0.16037735849056603
454,39,7,0.1794871794871795
457,5,1,0.2
458,29,2,0.06896551724137931
459,73,17,0.2328767123287671
460,19,1,0.05263157894736842
461,22,1,0.045454545454545456
462,43,5,0.11627906976744186
463,10,1,0.1
464,3,0,0.0
465,18,4,0.2222222222222222
466,73,10,0.136986301369863
467,35,1,0.02857142857142857
468,28,3,0.10714285714285714
469,40,2,0.05
470,58,9,0.15517241379310345
471,16,1,0.0625
472,119,18,0.15126050420168066
476,1,0,0.0
477,85,25,0.29411764705882354
479,140,14,0.1
480,11,2,0.18181818181818182
481,40,6,0.15
482,47,7,0.14893617021276595
483,36,3,0.08333333333333333
485,15,4,0.26666666666666666
486,223,26,0.11659192825112108
487,10,0,0.0
488,6,2,0.3333333333333333
489,8,0,0.0
490,80,11,0.1375
491,3,2,0.6666666666666666
492,9,1,0.1111111111111111
493,11,0,0.0
494,138,25,0.18115942028985507
495,42,3,0.07142857142857142
496,20,2,0.1
497,40,10,0.25
498,14,0,0.0
500,2,0,0.0
501,22,4,0.18181818181818182
502,9,2,0.2222222222222222
503,114,23,0.20175438596491227
504,14,5,0.35714285714285715
505,22,3,0.13636363636363635
506,11,1,0.09090909090909091
507,7,0,0.0
509,28,8,0.2857142857142857
510,1,0,0.0
511,20,2,0.1
512,3,0,0.0
513,139,25,0.17985611510791366
514,5,0,0.0
515,3,0,0.0
516,2,0,0.0
518,11,1,0.09090909090909091
519,10,1,0.1
520,2,1,0.5
521,3,0,0.0
522,3,0,0.0
523,18,5,0.2777777777777778
524,2,0,0.0
525,2,0,0.0
526,49,5,0.10204081632653061
527,11,2,0.18181818181818182
528,50,7,0.14
529,6,1,0.16666666666666666
530,5,1,0.2
531,27,6,0.2222222222222222
532,1,0,0.0
533,14,4,0.2857142857142857
535,9,1,0.1111111111111111
536,6,2,0.3333333333333333
537,139,26,0.18705035971223022
538,50,6,0.12
539,12,3,0.25
540,34,6,0.17647058823529413
542,65,13,0.2
543,7,0,0.0
544,63,9,0.14285714285714285
545,83,15,0.18072289156626506
546,1,0,0.0
547,13,1,0.07692307692307693
548,9,4,0.4444444444444444
549,12,1,0.08333333333333333
550,3,0,0.0
551,6,2,0.3333333333333333
552,10,3,0.3
553,9,2,0.2222222222222222
554,15,2,0.13333333333333333
555,94,20,0.2127659574468085
556,153,25,0.16339869281045752
557,46,8,0.17391304347826086
558,551,113,0.20508166969147004
559,4,1,0.25
561,6,2,0.3333333333333333
562,6,2,0.3333333333333333
563,3,0,0.0
564,92,19,0.20652173913043478
565,19,3,0.15789473684210525
566,18,2,0.1111111111111111
567,7,1,0.14285714285714285
568,1,0,0.0
569,70,12,0.17142857142857143
570,19,5,0.2631578947368421
571,40,6,0.15
572,5,0,0.0
573,2,1,0.5
575,1,0,0.0
576,18,1,0.05555555555555555
577,58,9,0.15517241379310345
578,22,2,0.09090909090909091
579,224,46,0.20535714285714285
580,18,4,0.2222222222222222
581,218,30,0.13761467889908258
582,2,0,0.0
584,32,6,0.1875
585,12,1,0.08333333333333333
586,10,4,0.4
587,105,11,0.10476190476190476
588,7,1,0.14285714285714285
589,1,0,0.0
591,17,3,0.17647058823529413
592,98,8,0.08163265306122448
594,2,0,0.0
596,33,8,0.24242424242424243
597,3,1,0.3333333333333333
598,3,0,0.0
599,1,0,0.0
600,1,0,0.0
601,6,0,0.0
602,6,1,0.16666666666666666
603,3,0,0.0
604,1,0,0.0
605,39,2,0.05128205128205128
606,1,0,0.0
607,10,2,0.2
608,11,0,0.0
610,4,1,0.25
611,16,2,0.125
613,20,1,0.05
614,5,0,0.0
616,58,9,0.15517241379310345
617,5,1,0.2
620,25,4,0.16
621,16,4,0.25
622,1,0,0.0
623,6,0,0.0
624,26,2,0.07692307692307693
626,10,1,0.1
627,6,1,0.16666666666666666
628,5,1,0.2
629,37,7,0.1891891891891892
631,1,0,0.0
632,10,1,0.1
633,3,1,0.3333333333333333
634,2,2,1.0
635,7,0,0.0
636,35,3,0.08571428571428572
637,10,1,0.1
638,6,2,0.3333333333333333
640,49,10,0.20408163265306123
641,74,13,0.17567567567567569
643,101,23,0.22772277227722773
644,9,0,0.0
645,1,0,0.0
648,53,8,0.1509433962264151
649,16,3,0.1875
650,3,1,0.3333333333333333
651,30,5,0.16666666666666666
652,24,3,0.125
653,74,17,0.22972972972972974
654,15,2,0.13333333333333333
655,17,1,0.058823529411764705
656,21,4,0.19047619047619047
657,100,15,0.15
658,90,17,0.18888888888888888
660,7,1,0.14285714285714285
661,11,3,0.2727272727272727
666,11,2,0.18181818181818182
667,64,9,0.140625
669,24,4,0.16666666666666666
670,28,1,0.03571428571428571
671,1,0,0.0
672,8,2,0.25
673,9,0,0.0
674,1,1,1.0
675,2,0,0.0
676,2,0,0.0
677,30,4,0.13333333333333333
678,16,6,0.375
679,4,1,0.25
680,1,1,1.0
681,2,1,0.5
682,14,3,0.21428571428571427
684,2,0,0.0
685,27,8,0.2962962962962963
686,5,0,0.0
687,2,0,0.0
692,3,0,0.0
693,40,7,0.175
694,7,1,0.14285714285714285
695,7,0,0.0
697,36,6,0.16666666666666666
698,53,5,0.09433962264150944
700,20,5,0.25
701,6,0,0.0
702,3,0,0.0
703,43,7,0.16279069767441862
704,117,19,0.1623931623931624
705,6,1,0.16666666666666666
706,5,1,0.2
707,27,5,0.18518518518518517
708,11,2,0.18181818181818182
709,5,1,0.2
710,6,0,0.0
711,20,5,0.25
712,44,9,0.20454545454545456
713,13,0,0.0
714,1,0,0.0
715,8,4,0.5
717,6,1,0.16666666666666666
718,52,7,0.1346153846153846
719,32,3,0.09375
720,7,2,0.2857142857142857
721,17,2,0.11764705882352941
723,39,12,0.3076923076923077
724,32,11,0.34375
725,2,0,0.0
726,1,0,0.0
727,29,6,0.20689655172413793
728,13,0,0.0
729,10,0,0.0
730,85,15,0.17647058823529413
731,3,0,0.0
733,4,2,0.5
734,5,1,0.2
735,37,6,0.16216216216216217
736,142,11,0.07746478873239436
737,108,21,0.19444444444444445
738,50,6,0.12
739,5,0,0.0
740,3,0,0.0
741,2,1,0.5
743,51,12,0.23529411764705882
744,10,3,0.3
745,58,16,0.27586206896551724
746,67,15,0.22388059701492538
747,63,12,0.19047619047619047
748,119,1,0.008403361344537815
751,20,2,0.1
754,10,0,0.0
755,1,0,0.0
756,3,1,0.3333333333333333
758,3,0,0.0
759,33,7,0.21212121212121213
760,22,1,0.045454545454545456
761,1,1,1.0
762,3,1,0.3333333333333333
763,2,1,0.5
764,17,0,0.0
765,17,2,0.11764705882352941
766,19,6,0.3157894736842105
767,20,2,0.1
768,15,1,0.06666666666666667
770,1,0,0.0
771,22,8,0.36363636363636365
772,3,2,0.6666666666666666
773,1,0,0.0
775,9,0,0.0
776,21,1,0.047619047619047616
777,13,1,0.07692307692307693
779,6,1,0.16666666666666666
781,11,1,0.09090909090909091
783,13,3,0.23076923076923078
784,23,4,0.17391304347826086
788,31,5,0.16129032258064516
789,9,2,0.2222222222222222
790,26,3,0.11538461538461539
791,33,4,0.12121212121212122
792,1,0,0.0
793,1,0,0.0
795,83,8,0.0963855421686747
796,7,1,0.14285714285714285
797,24,1,0.041666666666666664
798,4,1,0.25
799,6,1,0.16666666666666666
800,17,6,0.35294117647058826
802,1,0,0.0
803,2,0,0.0
804,11,1,0.09090909090909091
805,39,4,0.10256410256410256
806,7,1,0.14285714285714285
807,7,0,0.0
808,67,10,0.14925373134328357
809,3,1,0.3333333333333333
811,2,0,0.0
812,7,0,0.0
813,1,0,0.0
814,1,0,0.0
816,1,0,0.0
818,16,4,0.25
819,26,4,0.15384615384615385
820,3,1,0.3333333333333333
821,10,3,0.3
822,11,3,0.2727272727272727
823,1,1,1.0
824,4,1,0.25
825,1,0,0.0
828,60,10,0.16666666666666666
829,5,0,0.0
830,14,3,0.21428571428571427
831,30,8,0.26666666666666666
832,77,11,0.14285714285714285
833,4,0,0.0
834,3,0,0.0
838,4,0,0.0
839,1,0,0.0
840,25,8,0.32
842,1,0,0.0
844,12,0,0.0
847,21,1,0.047619047619047616
848,14,1,0.07142857142857142
849,1,0,0.0
850,195,41,0.21025641025641026
851,1,0,0.0
852,1,1,1.0
853,40,7,0.175
854,15,5,0.3333333333333333
856,1,0,0.0
857,58,4,0.06896551724137931
858,32,3,0.09375
860,11,1,0.09090909090909091
861,43,7,0.16279069767441862
863,1,0,0.0
864,8,1,0.125
867,2,0,0.0
869,34,5,0.14705882352941177
870,15,0,0.0
871,14,7,0.5
872,8,1,0.125
873,4,0,0.0
874,1,1,1.0
875,7,2,0.2857142857142857
876,1,0,0.0
877,4,1,0.25
878,4,0,0.0
879,3,0,0.0
883,2,0,0.0
885,15,2,0.13333333333333333
886,3,0,0.0
887,34,12,0.35294117647058826
888,2,0,0.0
890,15,3,0.2
891,4,0,0.0
892,6,0,0.0
893,10,2,0.2
900,2,0,0.0
901,10,2,0.2
902,1,1,1.0
903,4,0,0.0
904,9,2,0.2222222222222222
905,2,0,0.0
907,2,1,0.5
908,1,0,0.0
909,4,0,0.0
911,5,0,0.0
912,3,1,0.3333333333333333
913,6,0,0.0
915,16,3,0.1875
916,48,12,0.25
919,12,1,0.08333333333333333
922,64,5,0.078125
923,31,6,0.1935483870967742
924,6,1,0.16666666666666666
925,1,0,0.0
926,1,0,0.0
927,6,1,0.16666666666666666
928,42,8,0.19047619047619047
929,36,6,0.16666666666666666
932,3,0,0.0
933,14,1,0.07142857142857142
934,7,0,0.0
936,1,0,0.0
937,31,4,0.12903225806451613
939,1,0,0.0
941,44,8,0.18181818181818182
942,2,0,0.0
943,7,1,0.14285714285714285
944,4,1,0.25
945,46,7,0.15217391304347827
946,13,4,0.3076923076923077
948,56,6,0.10714285714285714
951,3,2,0.6666666666666666
952,21,6,0.2857142857142857
953,2,1,0.5
954,12,1,0.08333333333333333
955,6,0,0.0
956,5,0,0.0
957,11,1,0.09090909090909091
962,3,0,0.0
963,21,1,0.047619047619047616
964,13,0,0.0
965,26,4,0.15384615384615385
968,22,4,0.18181818181818182
969,4,1,0.25
970,24,5,0.20833333333333334
972,11,0,0.0
973,2,1,0.5
976,3,0,0.0
977,11,3,0.2727272727272727
980,42,7,0.16666666666666666
983,2,0,0.0
984,2,0,0.0
986,1,0,0.0
987,6,1,0.16666666666666666
988,1,0,0.0
989,1,0,0.0
991,1,0,0.0
992,1,0,0.0
997,1,0,0.0
1000,2,1,0.5
1001,1,0,0.0
1002,6,1,0.16666666666666666
1003,6,0,0.0
1005,1,0,0.0
1007,7,1,0.14285714285714285
1009,8,0,0.0
1012,7,1,0.14285714285714285
1014,2,1,0.5
1016,27,4,0.14814814814814814
1017,11,0,0.0
1019,1,0,0.0
1021,9,1,0.1111111111111111
1022,3,0,0.0
1023,9,3,0.3333333333333333
1027,14,0,0.0
1028,19,4,0.21052631578947367
1029,1,1,1.0
1030,12,2,0.16666666666666666
1031,54,9,0.16666666666666666
1032,1,0,0.0
1033,4,1,0.25
1034,25,1,0.04
1035,3,1,0.3333333333333333
1036,5,0,0.0
1037,3,0,0.0
1039,50,5,0.1
1040,1,0,0.0
1042,88,15,0.17045454545454544
1043,2,0,0.0
1044,5,1,0.2
1045,43,9,0.20930232558139536
1046,3,0,0.0
1047,4,0,0.0
1048,4,0,0.0
1049,7,1,0.14285714285714285
1050,3,0,0.0
1052,3,0,0.0
1053,7,2,0.2857142857142857
1054,5,0,0.0
1055,5,1,0.2
1058,4,2,0.5
1059,1,0,0.0
1061,19,4,0.21052631578947367
1062,35,4,0.11428571428571428
1063,2,0,0.0
1064,8,1,0.125
1065,4,0,0.0
1066,21,1,0.047619047619047616
1067,4,0,0.0
1068,1,0,0.0
1069,4,0,0.0
1070,9,1,0.1111111111111111
1071,1,0,0.0
1072,40,6,0.15
1076,5,0,0.0
1077,4,0,0.0
1078,8,3,0.375
1079,10,3,0.3
1080,48,12,0.25
1081,5,1,0.2
1082,4,2,0.5
1084,14,1,0.07142857142857142
1085,2,0,0.0
1086,48,11,0.22916666666666666
1087,2,0,0.0
1088,9,3,0.3333333333333333
1089,28,8,0.2857142857142857
1092,3,0,0.0
1093,12,1,0.08333333333333333
1094,4,1,0.25
1095,4,0,0.0
1096,12,1,0.08333333333333333
1097,7,0,0.0
1098,4,1,0.25
1100,19,3,0.15789473684210525
1101,9,1,0.1111111111111111
1102,3,0,0.0
1105,9,1,0.1111111111111111
1106,2,0,0.0
1107,5,1,0.2
1108,10,1,0.1
1111,30,6,0.2
1112,1,0,0.0
1113,4,0,0.0
1114,20,3,0.15
1115,30,5,0.16666666666666666
1117,12,1,0.08333333333333333
1118,5,1,0.2
1119,8,1,0.125
1120,14,1,0.07142857142857142
1121,4,0,0.0
1123,16,3,0.1875
1124,5,0,0.0
1126,17,1,0.058823529411764705
1127,3,1,0.3333333333333333
1128,7,1,0.14285714285714285
1129,6,2,0.3333333333333333
1131,12,2,0.16666666666666666
1134,4,3,0.75
1135,11,1,0.09090909090909091
1136,1,0,0.0
1137,4,1,0.25
1139,2,0,0.0
1140,2,0,0.0
1141,9,1,0.1111111111111111
1142,16,2,0.125
1143,45,6,0.13333333333333333
1144,11,2,0.18181818181818182
1145,3,1,0.3333333333333333
1146,5,0,0.0
1147,26,3,0.11538461538461539
1148,13,4,0.3076923076923077
1150,4,0,0.0
1152,3,1,0.3333333333333333
1153,1,0,0.0
1154,15,1,0.06666666666666667
1155,2,0,0.0
1156,1,0,0.0
1157,1,0,0.0
1159,1,0,0.0
1160,1,0,0.0
1161,8,1,0.125
1162,207,1,0.004830917874396135
1163,6,1,0.16666666666666666
1164,1,0,0.0
1165,7,1,0.14285714285714285
1166,11,1,0.09090909090909091
1167,3,0,0.0
1168,55,13,0.23636363636363636
1170,4,0,0.0
1171,1,0,0.0
1172,3,1,0.3333333333333333
1173,2,1,0.5
1174,30,1,0.03333333333333333
1175,31,5,0.16129032258064516
1176,18,4,0.2222222222222222
1177,2,0,0.0
1178,5,0,0.0
1181,7,2,0.2857142857142857
1182,3,0,0.0
1183,9,2,0.2222222222222222
1184,80,16,0.2
1185,1,0,0.0
1186,2,0,0.0
1187,10,2,0.2
1188,2,1,0.5
1189,1,1,1.0
1191,2,0,0.0
1192,1,1,1.0
1193,83,11,0.13253012048192772
1194,3,0,0.0
1195,19,3,0.15789473684210525
1197,6,1,0.16666666666666666
1199,5,0,0.0
1201,4,1,0.25
1202,10,1,0.1
1207,1,0,0.0
1208,14,2,0.14285714285714285
1209,4,0,0.0
1210,1,0,0.0
1211,2,0,0.0
1212,6,3,0.5
1213,6,0,0.0
1214,23,2,0.08695652173913043
1215,9,1,0.1111111111111111
1218,17,5,0.29411764705882354
1219,22,6,0.2727272727272727
1221,2,0,0.0
1225,1,0,0.0
1226,8,1,0.125
1227,11,2,0.18181818181818182
1228,6,1,0.16666666666666666
1230,12,2,0.16666666666666666
1231,4,1,0.25
1232,24,4,0.16666666666666666
1235,6,2,0.3333333333333333
1236,9,1,0.1111111111111111
1237,4,0,0.0
1238,1,0,0.0
1241,1,0,0.0
1245,9,1,0.1111111111111111
1246,1,1,1.0
1247,5,0,0.0
1248,5,1,0.2
1249,8,3,0.375
1253,20,2,0.1
1254,1,0,0.0
1255,6,2,0.3333333333333333
1257,3,1,0.3333333333333333
1258,49,12,0.24489795918367346
1259,30,8,0.26666666666666666
1260,2,0,0.0
1261,22,0,0.0
1263,8,1,0.125
1265,12,4,0.3333333333333333
1268,11,2,0.18181818181818182
1269,9,2,0.2222222222222222
1272,4,0,0.0
1273,2,1,0.5
1279,22,4,0.18181818181818182
1280,6,0,0.0
1282,7,2,0.2857142857142857
1283,1,0,0.0
1285,23,5,0.21739130434782608
1287,5,1,0.2
1288,1,0,0.0
1289,1,0,0.0
1290,1,0,0.0
1291,14,1,0.07142857142857142
1292,3,0,0.0
1296,8,2,0.25
1297,19,5,0.2631578947368421
1298,3,0,0.0
1299,1,0,0.0
1300,4,0,0.0
1302,2,0,0.0
1303,2,1,0.5
1304,1,0,0.0
1305,16,4,0.25
1306,9,2,0.2222222222222222
1307,1,0,0.0
1308,2,0,0.0
1309,2,1,0.5
1310,10,2,0.2
1311,4,0,0.0
1312,1,0,0.0
1313,2,0,0.0
1316,8,0,0.0
1317,1,1,1.0
1319,6,0,0.0
1320,4,1,0.25
1321,4,1,0.25
1322,10,1,0.1
1324,1,1,1.0
1329,15,0,0.0
1330,1,0,0.0
1332,2,0,0.0
1336,12,3,0.25
1337,1,0,0.0
1338,5,1,0.2
1340,2,0,0.0
1341,5,2,0.4
1343,39,8,0.20512820512820512
1344,1,1,1.0
1345,42,6,0.14285714285714285
1346,2,1,0.5
1348,1,0,0.0
1349,1,0,0.0
1350,8,0,0.0
1351,10,1,0.1
1352,3,1,0.3333333333333333
1353,1,0,0.0
1358,3,0,0.0
1359,1,1,1.0
1361,4,1,0.25
1362,19,2,0.10526315789473684
1363,2,1,0.5
1364,5,0,0.0
1366,4,2,0.5
1371,4,0,0.0
1372,1,0,0.0
1374,4,1,0.25
1376,5,1,0.2
1378,2,0,0.0
1379,4,0,0.0
1384,1,0,0.0
1386,18,7,0.3888888888888889
1387,10,0,0.0
1392,5,1,0.2
1393,3,0,0.0
1394,9,0,0.0
1395,1,0,0.0
1396,5,2,0.4
1397,4,0,0.0
1398,11,3,0.2727272727272727
1399,16,6,0.375
1401,5,1,0.2
1402,3,0,0.0
1404,39,6,0.15384615384615385
1405,5,2,0.4
1407,17,2,0.11764705882352941
1408,17,1,0.058823529411764705
1409,7,1,0.14285714285714285
1410,6,1,0.16666666666666666
1411,1,0,0.0
1412,5,1,0.2
1413,1,0,0.0
1415,1,0,0.0
1416,1,0,0.0
1417,6,0,0.0
1418,5,0,0.0
1419,13,4,0.3076923076923077
1420,2,0,0.0
1421,3,0,0.0
1422,3,0,0.0
1423,13,2,0.15384615384615385
1427,2,1,0.5
1428,2,0,0.0
1429,12,3,0.25
1433,2,0,0.0
1434,8,2,0.25
1435,6,0,0.0
1436,28,4,0.14285714285714285
1437,3,0,0.0
1438,5,1,0.2
1440,1,0,0.0
1445,1,0,0.0
1446,1,0,0.0
1448,4,0,0.0
1449,8,1,0.125
1450,11,2,0.18181818181818182
1451,7,1,0.14285714285714285
1452,2,0,0.0
1455,1,0,0.0
1456,1,0,0.0
1458,2,1,0.5
1459,1,0,0.0
1460,1,0,0.0
1461,3,1,0.3333333333333333
1464,1,0,0.0
1465,16,3,0.1875
1467,4,1,0.25
1469,2,0,0.0
1471,1,0,0.0
1474,44,7,0.1590909090909091
1477,81,6,0.07407407407407407
1480,6,0,0.0
1481,2,1,0.5
1482,9,5,0.5555555555555556
1484,1,0,0.0
1485,11,1,0.09090909090909091
1487,14,6,0.42857142857142855
1488,1,0,0.0
1491,3,0,0.0
1493,7,1,0.14285714285714285
1495,1,0,0.0
1498,1,0,0.0
1499,3,0,0.0
1501,39,8,0.20512820512820512
1502,3,0,0.0
1505,2,1,0.5
1507,1,0,0.0
1508,12,6,0.5
1510,12,2,0.16666666666666666
1511,23,2,0.08695652173913043
1513,7,1,0.14285714285714285
1514,1,0,0.0
1518,2,0,0.0
1519,1,0,0.0
1521,1,0,0.0
1522,7,1,0.14285714285714285
1524,4,3,0.75
1525,13,0,0.0
1527,4,0,0.0
1528,3,0,0.0
1529,4,0,0.0
1531,3,1,0.3333333333333333
1532,3,1,0.3333333333333333
1534,10,2,0.2
1537,7,1,0.14285714285714285
1538,13,3,0.23076923076923078
1540,1,0,0.0
1541,1,0,0.0
1546,5,1,0.2
1551,1,0,0.0
1552,12,2,0.16666666666666666
1554,5,1,0.2
1557,3,2,0.6666666666666666
1558,32,3,0.09375
1560,6,3,0.5
1561,4,2,0.5
1562,12,3,0.25
1563,21,3,0.14285714285714285
1564,7,1,0.14285714285714285
1565,27,4,0.14814814814814814
1567,5,3,0.6
1569,2,0,0.0
1570,3,1,0.3333333333333333
1576,1,1,1.0
1578,8,1,0.125
1580,13,1,0.07692307692307693
1581,1,0,0.0
1582,9,2,0.2222222222222222
1583,2,0,0.0
1586,9,1,0.1111111111111111
1588,1,1,1.0
1591,99,2,0.020202020202020204
1593,5,1,0.2
1595,1,0,0.0
1599,4,0,0.0
1600,2,1,0.5
1604,11,3,0.2727272727272727
1609,1,0,0.0
1612,3,2,0.6666666666666666
1614,1,0,0.0
1615,1,0,0.0
1616,1,1,1.0
1618,12,1,0.08333333333333333
1619,17,1,0.058823529411764705
1620,6,0,0.0
1621,2,0,0.0
1622,2,0,0.0
1624,1,0,0.0
1626,2,0,0.0
1627,14,2,0.14285714285714285
1629,1,0,0.0
1630,1,1,1.0
1631,8,1,0.125
1632,10,1,0.1
1633,2,0,0.0
1634,5,1,0.2
1635,9,3,0.3333333333333333
1638,17,3,0.17647058823529413
1639,1,1,1.0
1640,2,0,0.0
1641,1,0,0.0
1642,8,0,0.0
1644,1,0,0.0
1647,1,0,0.0
1648,1,0,0.0
1649,7,1,0.14285714285714285
1651,1,1,1.0
1652,1,0,0.0
1653,5,1,0.2
1654,2,1,0.5
1658,3,0,0.0
1659,4,0,0.0
1665,10,0,0.0
1668,11,1,0.09090909090909091
1669,1,0,0.0
1670,2,1,0.5
1672,1,0,0.0
1673,1,0,0.0
1674,3,0,0.0
1675,15,1,0.06666666666666667
1676,1,0,0.0
1678,5,0,0.0
1679,1,0,0.0
1680,4,0,0.0
1681,4,1,0.25
1683,1,0,0.0
1685,4,0,0.0
1686,1,0,0.0
1688,4,1,0.25
1690,11,1,0.09090909090909091
1693,10,1,0.1
1694,8,1,0.125
1695,1,0,0.0
1696,2,1,0.5
1697,12,3,0.25
1698,3,0,0.0
1699,1,0,0.0
1700,2,1,0.5
1701,3,0,0.0
1702,1,0,0.0
1703,3,0,0.0
1704,3,0,0.0
1707,1,0,0.0
1708,3,0,0.0
1711,4,0,0.0
1712,10,1,0.1
1713,2,1,0.5
1714,17,4,0.23529411764705882
1716,1,1,1.0
1718,11,1,0.09090909090909091
1719,9,3,0.3333333333333333
1723,1,0,0.0
1726,10,0,0.0
1728,26,0,0.0
1729,2,1,0.5
1730,8,0,0.0
1732,2,0,0.0
1734,7,2,0.2857142857142857
1735,10,1,0.1
1736,1,1,1.0
1737,3,0,0.0
1739,1,0,0.0
1741,3,0,0.0
1742,3,0,0.0
1743,2,1,0.5
1745,18,6,0.3333333333333333
1747,1,0,0.0
1748,3,0,0.0
1757,3,0,0.0
1760,5,2,0.4
1763,13,1,0.07692307692307693
1764,1,0,0.0
1765,5,1,0.2
1767,1,0,0.0
1768,2,1,0.5
1772,5,0,0.0
1773,2,0,0.0
1775,13,1,0.07692307692307693
1776,4,0,0.0
1777,5,2,0.4
1780,1,1,1.0
1781,4,1,0.25
1783,10,1,0.1
1784,4,1,0.25
1785,3,0,0.0
1787,4,0,0.0
1788,1,0,0.0
1789,7,1,0.14285714285714285
1792,7,0,0.0
1793,1,0,0.0
1794,9,2,0.2222222222222222
1795,4,1,0.25
1796,1,0,0.0
1797,4,0,0.0
1798,5,1,0.2
1799,18,4,0.2222222222222222
1800,1,0,0.0
1801,4,0,0.0
1803,17,1,0.058823529411764705
1804,2,0,0.0
1805,1,0,0.0
1807,2,0,0.0
1808,5,2,0.4
1810,8,1,0.125
1811,12,2,0.16666666666666666
1813,5,1,0.2
1814,1,0,0.0
1815,2,0,0.0
1818,3,0,0.0
1819,2,0,0.0
1820,2,0,0.0
1822,11,4,0.36363636363636365
1826,15,3,0.2
1827,1,0,0.0
1828,1,0,0.0
1829,2,1,0.5
1830,22,1,0.045454545454545456
1834,5,0,0.0
1835,1,1,1.0
1837,9,0,0.0
1838,1,0,0.0
1839,41,7,0.17073170731707318
1846,1,0,0.0
1848,4,0,0.0
1849,1,1,1.0
1852,6,0,0.0
1854,4,1,0.25
1855,1,1,1.0
1856,1,0,0.0
1859,6,2,0.3333333333333333
1860,3,1,0.3333333333333333
1861,1,0,0.0
1863,1,0,0.0
1864,11,4,0.36363636363636365
1865,5,0,0.0
1866,3,1,0.3333333333333333
1867,19,0,0.0
1868,3,1,0.3333333333333333
1871,4,0,0.0
1872,15,1,0.06666666666666667
1873,4,0,0.0
1874,5,1,0.2
1876,7,1,0.14285714285714285
1877,8,0,0.0
1879,2,1,0.5
1880,1,0,0.0
1881,1,1,1.0
1883,7,0,0.0
1884,7,1,0.14285714285714285
1887,6,1,0.16666666666666666
1889,6,0,0.0
1890,4,0,0.0
1894,8,0,0.0
1897,8,2,0.25
1898,5,2,0.4
1899,1,0,0.0
1902,3,0,0.0
1905,2,0,0.0
1906,1,0,0.0
1909,2,0,0.0
1912,2,0,0.0
1913,1,0,0.0
1914,1,1,1.0
1915,6,1,0.16666666666666666
1919,2,0,0.0
1921,5,0,0.0
1922,4,1,0.25
1923,3,1,0.3333333333333333
1924,3,0,0.0
1928,3,0,0.0
1929,1,0,0.0
1930,1,0,0.0
1931,2,0,0.0
1933,2,0,0.0
1935,4,2,0.5
1936,1,0,0.0
1941,1,0,0.0
1944,5,0,0.0
1945,2,0,0.0
1947,4,0,0.0
1948,3,0,0.0
1950,12,3,0.25
1952,2,0,0.0
1954,1,0,0.0
1958,1,0,0.0
1960,3,1,0.3333333333333333
1961,1,0,0.0
1962,12,1,0.08333333333333333
1967,4,1,0.25
1970,2,0,0.0
1971,1,0,0.0
1974,6,0,0.0
1980,2,0,0.0
1981,1,1,1.0
1985,1,0,0.0
1988,2,1,0.5
1989,1,0,0.0
1991,1,1,1.0
1994,1,0,0.0
1996,1,0,0.0
1997,2,0,0.0
2004,1,0,0.0
2006,2,1,0.5
2012,2,1,0.5
2013,2,1,0.5
2015,1,0,0.0
2016,4,0,0.0
2018,3,1,0.3333333333333333
2020,3,0,0.0
2024,1,0,0.0
2025,1,0,0.0
2026,1,0,0.0
2030,7,1,0.14285714285714285
2031,1,0,0.0
2032,3,0,0.0
2033,7,0,0.0
2036,1,1,1.0
2037,1,1,1.0
2040,3,0,0.0
2041,1,0,0.0
2043,1,0,0.0
2045,3,1,0.3333333333333333
2047,1,0,0.0
2049,2,0,0.0
2050,2,1,0.5
2051,1,0,0.0
2062,1,0,0.0
2065,3,1,0.3333333333333333
2070,4,0,0.0
2071,1,0,0.0
2075,16,2,0.125
2078,3,0,0.0
2080,6,2,0.3333333333333333
2081,13,2,0.15384615384615385
2082,1,0,0.0
2085,1,0,0.0
2088,5,1,0.2
2089,11,4,0.36363636363636365
2091,6,3,0.5
2093,5,1,0.2
2094,1,0,0.0
2095,7,0,0.0
2097,1,0,0.0
2098,1,0,0.0
2099,2,0,0.0
2101,1,1,1.0
2102,10,1,0.1
2104,1,0,0.0
2105,1,0,0.0
2111,5,1,0.2
2112,1,1,1.0
2113,10,0,0.0
2115,1,0,0.0
2117,1,0,0.0
2118,5,1,0.2
2121,1,0,0.0
2130,2,0,0.0
2131,8,2,0.25
2132,1,1,1.0
2138,2,0,0.0
2139,3,1,0.3333333333333333
2140,1,0,0.0
2141,2,1,0.5
2144,1,0,0.0
2147,4,1,0.25
2149,3,0,0.0
2153,2,0,0.0
2157,1,0,0.0
2158,1,0,0.0
2159,2,0,0.0
2162,3,0,0.0
2164,2,1,0.5
2165,1,1,1.0
2166,2,0,0.0
2167,4,0,0.0
2173,1,0,0.0
2174,6,0,0.0
2179,1,0,0.0
2180,2,0,0.0
2183,2,0,0.0
2186,1,0,0.0
2187,1,0,0.0
2189,3,0,0.0
2190,2,0,0.0
2195,13,1,0.07692307692307693
2196,1,0,0.0
2198,6,0,0.0
2199,1,0,0.0
2202,1,0,0.0
2204,14,1,0.07142857142857142
2206,12,2,0.16666666666666666
2209,2,1,0.5
2211,2,0,0.0
2212,1,1,1.0
2215,1,0,0.0
2217,6,1,0.16666666666666666
2218,3,0,0.0
2219,1,0,0.0
2222,1,0,0.0
2225,3,0,0.0
2231,14,1,0.07142857142857142
2232,2,0,0.0
2234,3,0,0.0
2235,1,0,0.0
2237,1,0,0.0
2240,1,0,0.0
2242,3,1,0.3333333333333333
2243,1,0,0.0
2244,2,1,0.5
2248,1,0,0.0
2250,2,0,0.0
2252,1,0,0.0
2255,13,2,0.15384615384615385
2258,2,0,0.0
2262,12,2,0.16666666666666666
2263,1,0,0.0
2268,5,0,0.0
2272,1,0,0.0
2273,1,0,0.0
2274,5,1,0.2
2275,1,1,1.0
2282,2,0,0.0
2283,3,0,0.0
2284,1,1,1.0
2285,2,1,0.5
2286,1,0,0.0
2287,1,1,1.0
2288,4,0,0.0
2289,7,1,0.14285714285714285
2290,6,2,0.3333333333333333
2292,3,1,0.3333333333333333
2293,2,0,0.0
2296,9,3,0.3333333333333333
2300,4,1,0.25
2304,1,0,0.0
2305,9,1,0.1111111111111111
2313,2,0,0.0
2319,1,0,0.0
2322,4,1,0.25
2323,4,0,0.0
2326,1,1,1.0
2328,1,0,0.0
2331,2,0,0.0
2333,1,0,0.0
2335,1,0,0.0
2339,6,1,0.16666666666666666
2343,3,0,0.0
2344,3,0,0.0
2345,2,1,0.5
2346,5,2,0.4
2348,16,3,0.1875
2349,1,0,0.0
2351,5,1,0.2
2352,2,1,0.5
2354,1,0,0.0
2355,4,0,0.0
2356,1,0,0.0
2358,3,0,0.0
2361,1,0,0.0
2362,1,0,0.0
2363,2,0,0.0
2364,6,1,0.16666666666666666
2370,5,1,0.2
2371,1,0,0.0
2373,5,0,0.0
2375,5,0,0.0
2376,3,0,0.0
2379,1,0,0.0
2382,5,1,0.2
2383,3,0,0.0
2385,4,0,0.0
2388,3,2,0.6666666666666666
2389,7,3,0.42857142857142855
2390,3,0,0.0
2391,3,0,0.0
2394,3,1,0.3333333333333333
2396,1,0,0.0
2403,4,0,0.0
2411,13,0,0.0
2412,6,2,0.3333333333333333
2413,3,1,0.3333333333333333
2417,3,1,0.3333333333333333
2421,2,0,0.0
2423,7,0,0.0
2424,1,0,0.0
2426,3,0,0.0
2427,8,1,0.125
2428,1,0,0.0
2429,7,3,0.42857142857142855
2430,2,0,0.0
2432,14,0,0.0
2434,1,0,0.0
2435,1,0,0.0
2440,1,1,1.0
2443,9,0,0.0
2445,3,0,0.0
2446,2,1,0.5
2449,1,0,0.0
2451,1,0,0.0
2456,4,1,0.25
2458,8,1,0.125
2459,3,0,0.0
2464,3,0,0.0
2466,1,1,1.0
2468,5,0,0.0
2470,1,0,0.0
2472,3,1,0.3333333333333333
2475,2,0,0.0
2479,3,1,0.3333333333333333
2495,3,0,0.0
2497,2,0,0.0
2498,1,0,0.0
2502,1,0,0.0
2503,1,0,0.0
2504,2,0,0.0
2506,8,2,0.25
2508,1,1,1.0
2510,1,0,0.0
2518,1,0,0.0
2520,5,1,0.2
2521,1,0,0.0
2525,1,0,0.0
2531,2,1,0.5
2532,2,0,0.0
2533,2,0,0.0
2537,1,0,0.0
2540,1,0,0.0
2543,4,1,0.25
2544,1,0,0.0
2545,4,2,0.5
2546,1,0,0.0
2547,2,1,0.5
2548,2,0,0.0
2551,3,0,0.0
2552,3,0,0.0
2556,1,0,0.0
2558,1,1,1.0
2562,1,0,0.0
2564,2,0,0.0
2576,7,0,0.0
2580,1,0,0.0
2583,16,1,0.0625
2588,3,2,0.6666666666666666
2591,1,0,0.0
2592,1,0,0.0
2596,4,0,0.0
2602,1,1,1.0
2603,5,1,0.2
2607,1,0,0.0
2610,5,1,0.2
2611,3,0,0.0
2614,2,1,0.5
2615,3,1,0.3333333333333333
2618,1,0,0.0
2624,4,0,0.0
2625,1,0,0.0
2627,2,2,1.0
2628,2,1,0.5
2631,3,1,0.3333333333333333
2633,6,2,0.3333333333333333
2637,7,1,0.14285714285714285
2640,4,1,0.25
2647,3,0,0.0
2649,1,0,0.0
2650,8,1,0.125
2652,1,0,0.0
2653,5,1,0.2
2660,1,0,0.0
2662,2,0,0.0
2663,7,1,0.14285714285714285
2664,6,0,0.0
2666,3,1,0.3333333333333333
2667,1,0,0.0
2671,4,1,0.25
2674,2,0,0.0
2680,4,0,0.0
2681,3,0,0.0
2683,6,1,0.16666666666666666
2685,2,0,0.0
2686,2,0,0.0
2691,5,1,0.2
2694,2,1,0.5
2700,2,0,0.0
2702,2,0,0.0
2703,6,1,0.16666666666666666
2706,10,1,0.1
2710,1,0,0.0
2716,2,0,0.0
2720,6,1,0.16666666666666666
2723,1,1,1.0
2725,11,1,0.09090909090909091
2731,7,0,0.0
2732,1,0,0.0
2738,2,0,0.0
2742,2,0,0.0
2743,3,0,0.0
2747,2,0,0.0
2750,2,1,0.5
2752,1,0,0.0
2761,1,0,0.0
2766,6,0,0.0
2767,2,0,0.0
2771,2,0,0.0
2774,1,0,0.0
2777,1,0,0.0
2786,1,0,0.0
2787,1,0,0.0
2788,2,1,0.5
2790,1,0,0.0
2795,4,0,0.0
2799,5,0,0.0
2801,1,0,0.0
2803,7,3,0.42857142857142855
2805,1,0,0.0
2808,4,0,0.0
2809,5,1,0.2
2810,1,0,0.0
2813,4,2,0.5
2815,1,1,1.0
2818,2,0,0.0
2820,2,0,0.0
2823,1,0,0.0
2824,7,1,0.14285714285714285
2826,4,1,0.25
2827,2,1,0.5
2829,1,0,0.0
2836,5,0,0.0
2842,3,2,0.6666666666666666
2848,3,1,0.3333333333333333
2849,7,2,0.2857142857142857
2850,2,0,0.0
2854,2,0,0.0
2855,1,0,0.0
2862,1,0,0.0
2863,1,0,0.0
2865,4,2,0.5
2870,1,0,0.0
2874,1,0,0.0
2886,1,1,1.0
2888,4,0,0.0
2889,1,0,0.0
2897,1,1,1.0
2898,3,0,0.0
2917,2,1,0.5
2924,13,0,0.0
2925,3,0,0.0
2926,3,0,0.0
2930,20,8,0.4
2933,7,2,0.2857142857142857
2935,1,0,0.0
2940,1,1,1.0
2949,1,1,1.0
2952,1,1,1.0
2953,1,1,1.0
2956,3,0,0.0
2960,2,0,0.0
2968,1,0,0.0
2971,2,1,0.5
2972,1,1,1.0
2976,3,1,0.3333333333333333
2980,1,0,0.0
2981,1,0,0.0
2984,1,0,0.0
2985,1,0,0.0
2987,2,0,0.0
2997,2,0,0.0
2998,2,0,0.0
2999,1,0,0.0
3002,4,0,0.0
3009,1,0,0.0
3013,1,0,0.0
3014,4,2,0.5
3021,1,0,0.0
3023,1,0,0.0
3030,2,1,0.5
3031,1,0,0.0
3032,692891,4,5.772913777203052e-06
3033,1055,195,0.1848341232227488
3034,1,1,1.0
3035,4,1,0.25
3036,4,2,0.5
3037,1,0,0.0
3038,2,0,0.0
3039,1,0,0.0
3040,2,1,0.5
3041,2,0,0.0
3042,3,0,0.0
3043,4,1,0.25
3044,6,0,0.0
3045,9,0,0.0
3046,7,0,0.0
3047,3,1,0.3333333333333333
3048,2,0,0.0
3049,2,1,0.5
3050,20,1,0.05
3051,3,0,0.0
3052,3,0,0.0
3053,1,0,0.0
3054,7,0,0.0
3055,4,0,0.0
3056,1,0,0.0
3057,2,0,0.0
3058,1,0,0.0
3059,1,0,0.0
3060,1,0,0.0
3061,2,0,0.0
3062,2,1,0.5
3063,2,0,0.0
3064,2,0,0.0
3065,1,0,0.0
3066,1,0,0.0
3067,2,0,0.0
3068,4,1,0.25
3069,1,0,0.0
3070,1,0,0.0
3071,7,1,0.14285714285714285
3072,1,0,0.0
3073,1,0,0.0
3074,2,0,0.0
3075,1,0,0.0
3076,1,0,0.0
3077,2,0,0.0
3078,3,0,0.0
3079,3,0,0.0
3080,2,0,0.0
3081,2,0,0.0
3082,1,0,0.0
3083,2,0,0.0
3084,4,0,0.0
3085,1,0,0.0
3086,4,1,0.25
3087,1,0,0.0
3088,1,0,0.0
3089,4,0,0.0
3090,1,1,1.0
3091,1,1,1.0
3092,2,0,0.0
3093,2,0,0.0
3094,4,1,0.25
3095,1,0,0.0
3096,6,0,0.0
3097,3,0,0.0
3098,2,1,0.5
3099,1,0,0.0
3100,4,2,0.5
3101,2,0,0.0
3102,5,0,0.0
3103,4,1,0.25
3104,1,0,0.0
3105,3,1,0.3333333333333333
3106,2,0,0.0
3107,1,0,0.0
3108,1,0,0.0
3109,1,1,1.0
3110,3,0,0.0
3111,1,0,0.0
3112,2,1,0.5
3113,1,0,0.0
3114,1,0,0.0
3115,3,0,0.0
3116,5,0,0.0
3117,3,1,0.3333333333333333
3118,5,2,0.4
3119,1,0,0.0
3120,1,0,0.0
3121,12,0,0.0
3122,1,0,0.0
3123,7,1,0.14285714285714285
3124,19,1,0.05263157894736842
3125,3,0,0.0
3126,9,2,0.2222222222222222
3127,3,0,0.0
3128,1,0,0.0
3129,2,0,0.0
3130,2,0,0.0
3131,1,0,0.0
3132,1,1,1.0
3133,3,0,0.0
3134,4,1,0.25
3135,2,0,0.0
3136,2,0,0.0
3137,4,0,0.0
3138,2,1,0.5
3139,1,1,1.0
3140,1,0,0.0
3141,3,0,0.0
3142,1,0,0.0
3143,2,0,0.0
3144,2,0,0.0
3145,2,1,0.5
3146,1,0,0.0
3147,3,1,0.3333333333333333
3148,2,1,0.5
3149,1,0,0.0
3150,1,0,0.0
3151,3,0,0.0
3152,5,2,0.4
3153,1,0,0.0
3154,1,1,1.0
3155,1,1,1.0
3156,7,0,0.0
3157,1,0,0.0
3158,2,0,0.0
3159,2,1,0.5
3160,7,2,0.2857142857142857
3161,3,0,0.0
3162,6,1,0.16666666666666666
3163,2,1,0.5
3164,14,4,0.2857142857142857
3165,1,1,1.0
3166,1,0,0.0
3167,1,0,0.0
3168,1,0,0.0
3169,1,0,0.0
3170,3,1,0.3333333333333333
3171,2,0,0.0
3172,1,0,0.0
3173,1,0,0.0
3174,1,0,0.0
3175,3,0,0.0
3176,1,0,0.0
3177,1,0,0.0
3178,1,0,0.0
3179,1,0,0.0
3180,1,0,0.0
3181,2,0,0.0
3182,1,0,0.0
3183,5,1,0.2
3184,1,1,1.0
3185,1,0,0.0
3186,2,0,0.0
3187,2,0,0.0
3188,3,0,0.0
3189,6,1,0.16666666666666666
3190,2,1,0.5
3191,1,0,0.0
3192,1,0,0.0
3193,1,0,0.0
3194,2,0,0.0
3195,1,0,0.0
3196,1,0,0.0
3197,5,2,0.4
3198,1,0,0.0
3199,1,1,1.0
3200,2,1,0.5
3201,1,0,0.0
3202,2,0,0.0
3203,3,1,0.3333333333333333
3204,1,0,0.0
3205,1,0,0.0
3206,6,0,0.0
3207,1,0,0.0
3208,1,0,0.0
3209,1,0,0.0
3210,10,1,0.1
3211,1,0,0.0
3212,1,0,0.0
3213,2,0,0.0
3214,1,0,0.0
3215,1,0,0.0
3216,4,0,0.0
3217,1,0,0.0
3218,1,0,0.0
3219,1,0,0.0
3220,1,0,0.0
3221,3,1,0.3333333333333333
3222,3,1,0.3333333333333333
3223,1,0,0.0
3224,3,1,0.3333333333333333
3225,1,0,0.0
3226,3,1,0.3333333333333333
3227,3,0,0.0
3228,2,1,0.5
3229,2,1,0.5
3230,3,0,0.0
3231,2,1,0.5
3232,1,0,0.0
3233,2,1,0.5
3234,1,0,0.0
3235,1,0,0.0
3236,5,1,0.2
3237,1,0,0.0
3238,1,0,0.0
3239,5,1,0.2
3240,1,0,0.0
3241,1,1,1.0
3242,1,0,0.0
3243,2,0,0.0
3244,1,0,0.0
3245,1,0,0.0
3246,1,0,0.0
3247,1,0,0.0
3248,1,0,0.0
3249,2,0,0.0
3250,7,1,0.14285714285714285
3251,2,0,0.0
3252,1,0,0.0
3253,3,1,0.3333333333333333
3254,4,1,0.25
3255,1,0,0.0
3256,1,0,0.0
3257,1,1,1.0
3258,1,0,0.0
3259,21,0,0.0
3260,2,0,0.0
3261,4,1,0.25
3262,2,0,0.0
3263,1,0,0.0
3264,1,1,1.0
3265,1,1,1.0
3266,2,0,0.0
3267,3,1,0.3333333333333333
3268,1,1,1.0
3269,2,0,0.0
3270,1,0,0.0
3271,1,0,0.0
3272,1,0,0.0
3273,1,0,0.0
3274,2,0,0.0
3275,2,0,0.0
3276,1,0,0.0
3277,1,1,1.0
3278,1,0,0.0
3279,1,0,0.0
3280,2,0,0.0
3281,1,0,0.0
3282,6,1,0.16666666666666666
3283,2,1,0.5
3284,4,1,0.25
3285,1,0,0.0
3286,1,1,1.0
3287,1,0,0.0
3288,2,1,0.5
3289,1,0,0.0
3290,1,0,0.0
3291,1,0,0.0
3292,1,0,0.0
3293,2,1,0.5
3294,1,0,0.0
3295,5,0,0.0
3296,2,0,0.0
3297,1,0,0.0
3298,6,1,0.16666666666666666
3299,1,0,0.0
3300,1,0,0.0
3301,1,0,0.0
3302,1,0,0.0
3303,1,0,0.0
3304,2,0,0.0
3305,1,0,0.0
3306,2,0,0.0
3307,4,0,0.0
3308,1,0,0.0
3309,1,1,1.0
3310,1,0,0.0
3311,1,0,0.0
3312,1,0,0.0
3313,1,1,1.0
3314,1,0,0.0
3315,1,0,0.0
3316,1,0,0.0
3317,1,0,0.0
3318,1,0,0.0
3319,1,1,1.0
3320,2,1,0.5
3321,1,1,1.0
3322,1,0,0.0
3323,5,1,0.2
3324,1,1,1.0
3325,1,1,1.0
3326,1,0,0.0
3327,1,0,0.0
3328,2,0,0.0
3329,3,1,0.3333333333333333
3330,4,1,0.25
3331,3,2,0.6666666666666666
3332,1,1,1.0
3333,1,0,0.0
3334,1,0,0.0
3335,1,0,0.0
3336,2,0,0.0
3337,1,0,0.0
3338,2,0,0.0
3339,1,0,0.0
3340,1,1,1.0
3341,5,1,0.2
3342,1,0,0.0
3343,1,0,0.0
3344,1,0,0.0
3345,7,0,0.0
3346,7,2,0.2857142857142857
3347,1,1,1.0
3348,1,1,1.0
3349,5,0,0.0
3350,7,1,0.14285714285714285
3351,1,1,1.0
3352,1,0,0.0
3353,2,0,0.0
3354,1,0,0.0
3355,1,0,0.0
3356,1,0,0.0
3357,1,0,0.0
3358,1,1,1.0
3359,2,1,0.5
3360,2,0,0.0
3361,1,0,0.0
3362,1,0,0.0
3363,1,1,1.0
3364,1,0,0.0
3365,3,1,0.3333333333333333
3366,1,0,0.0
3367,1,0,0.0
3368,3,1,0.3333333333333333
3369,1,0,0.0
3370,1,0,0.0
3371,3,0,0.0
3372,2,0,0.0
3373,2,0,0.0
3374,2,0,0.0
3375,2,1,0.5
3376,1,0,0.0
3377,1,0,0.0
3378,1,0,0.0
3379,1,1,1.0
3380,1,0,0.0
3381,2,0,0.0
3382,1,0,0.0
3383,3,1,0.3333333333333333
3384,1,0,0.0
3385,1,1,1.0
3386,1,0,0.0
3387,1,0,0.0
3388,1,1,1.0
3389,1,0,0.0
3390,1,0,0.0
3391,2,0,0.0
3392,1,0,0.0
3393,1,0,0.0
3394,1,0,0.0
3395,1,0,0.0
3396,1,0,0.0
3397,1,0,0.0
3398,1,0,0.0
3399,1,0,0.0
3400,1,1,1.0
3401,1,0,0.0
3402,1,1,1.0
3403,2,1,0.5
3404,1,0,0.0
3405,2,0,0.0
3406,1,0,0.0
3407,1,1,1.0
3408,2,0,0.0
3409,2,0,0.0
3410,3,0,0.0
3411,1,0,0.0
3412,1,0,0.0
3413,1,0,0.0
3414,1,0,0.0
3415,1,0,0.0
3416,1,0,0.0
3417,2,0,0.0
3418,1,0,0.0
3419,3,0,0.0
3420,2,0,0.0
3421,4,0,0.0
3422,1,0,0.0
3423,1,0,0.0
3424,2,1,0.5
3425,1,0,0.0
3426,1,0,0.0
3427,2,0,0.0
3428,1,0,0.0
3429,2,0,0.0
3430,1,0,0.0
3431,1,0,0.0
3432,1,1,1.0
3433,2,1,0.5
3434,2,0,0.0
3435,1,0,0.0
3436,3,0,0.0
3437,1,0,0.0
3438,1,1,1.0
3439,2,0,0.0
3440,3,1,0.3333333333333333
3441,1,0,0.0
3442,3,0,0.0
3443,1,0,0.0
3444,2,0,0.0
3445,1,0,0.0
3446,1,0,0.0
3447,1,0,0.0
3448,1,0,0.0
3449,1,0,0.0
3450,1,0,0.0
3451,2,0,0.0
3452,5,1,0.2
3453,2,0,0.0
3454,1,0,0.0
3455,1,1,1.0
3456,3,0,0.0
3457,2,2,1.0
3458,4,0,0.0
3459,2,1,0.5
3460,1,1,1.0
3461,1,0,0.0
3462,2,0,0.0
3463,2,0,0.0
3464,1,0,0.0
3465,1,1,1.0
3466,1,0,0.0
3467,1,0,0.0
3468,1,1,1.0
3469,1,0,0.0
3470,1,0,0.0
3471,1,0,0.0
3472,3,0,0.0
3473,2,0,0.0
3474,1,1,1.0
3475,1,0,0.0
3476,2,0,0.0
3477,3,1,0.3333333333333333
3478,1,0,0.0
3479,1,0,0.0
3480,2,0,0.0
3481,2,1,0.5
3482,3,0,0.0
3483,1,0,0.0
3484,1,0,0.0
3485,1,0,0.0
3486,2,0,0.0
3487,2,1,0.5
3488,1,0,0.0
3489,1,0,0.0
3490,3,0,0.0
3491,4,0,0.0
3492,1,0,0.0
3493,2,0,0.0
3494,1,0,0.0
3495,1,0,0.0
3496,1,0,0.0
3497,2,0,0.0
3498,2,0,0.0
3499,2,0,0.0
3500,1,1,1.0
3501,2,0,0.0
3502,2,0,0.0
3503,1,0,0.0
3504,1,0,0.0
3505,3,1,0.3333333333333333
3506,1,1,1.0
3507,1,0,0.0
3508,1,0,0.0
3509,1,0,0.0
3510,1,1,1.0
3511,2,0,0.0
3512,1,0,0.0
3513,1,0,0.0
3514,2,0,0.0
3515,2,0,0.0
3516,1,0,0.0
3517,1,0,0.0
3518,3,1,0.3333333333333333
3519,3,0,0.0
3520,2,1,0.5
3521,2,0,0.0
3522,1,1,1.0
3523,1,0,0.0
3524,1,0,0.0
3525,1,1,1.0
3526,1,1,1.0
3527,1,0,0.0
3528,1,1,1.0
3529,1,0,0.0
3530,1,0,0.0
3531,1,0,0.0
3532,2,1,0.5
3533,1,0,0.0
3534,1,0,0.0
3535,3,0,0.0
3536,1,1,1.0
3537,1,0,0.0
3538,1,0,0.0
3539,1,1,1.0
3540,1,0,0.0
3541,1,0,0.0
3542,2,0,0.0
3543,145853,1,6.856218247139243e-06
3544,1,0,0.0
3545,262,58,0.22137404580152673
3546,1,1,1.0
3559,3,0,0.0
3561,10,1,0.1
3567,2,1,0.5
3572,2,1,0.5
3575,1,0,0.0
3577,6,0,0.0
3578,1,1,1.0
3588,2,0,0.0
3591,2,1,0.5
3595,3,0,0.0
3599,1,0,0.0
3605,1,0,0.0
3607,1,0,0.0
3608,1,1,1.0
3611,1,0,0.0
3616,1,0,0.0
3617,1,0,0.0
3618,9,0,0.0
3620,1,0,0.0
3622,1,0,0.0
3624,1,0,0.0
3629,2,0,0.0
3631,1,0,0.0
3634,5,2,0.4
3636,1,0,0.0
3645,1,1,1.0
3647,3,1,0.3333333333333333
3656,1,0,0.0
3660,1,0,0.0
3664,6,0,0.0
3665,1,0,0.0
3666,3,0,0.0
3671,1,0,0.0
3674,7,1,0.14285714285714285
3680,1,0,0.0
3684,1,0,0.0
3685,1,1,1.0
3687,1,0,0.0
3689,1,0,0.0
3695,2,0,0.0
3697,1,0,0.0
3701,1,0,0.0
3704,1,1,1.0
3705,1,0,0.0
3708,1,0,0.0
3709,1,0,0.0
3712,1,0,0.0
3715,3,0,0.0
3717,3,0,0.0
3722,1,1,1.0
3724,3,0,0.0
3726,1,0,0.0
3727,9,1,0.1111111111111111
3729,2,1,0.5
3730,1,0,0.0
3731,1,0,0.0
3735,1,0,0.0
3736,1,0,0.0
3741,1,0,0.0
3744,1,0,0.0
3746,2,1,0.5
3747,1,0,0.0
3754,1,0,0.0
3755,1,0,0.0
3757,1,1,1.0
3758,1,0,0.0
3763,1,0,0.0
3766,1,0,0.0
3768,1,0,0.0
3770,2,1,0.5
3779,2,0,0.0
3780,1,1,1.0
3781,1,0,0.0
3782,1,1,1.0
3783,1,0,0.0
3784,2,0,0.0
3785,1,0,0.0
3787,1,0,0.0
3789,1,0,0.0
3795,50,0,0.0
3812,1,0,0.0
3815,1,0,0.0
3817,1,0,0.0
3820,2,0,0.0
3828,1,0,0.0
3832,2,0,0.0
3833,1,0,0.0
3847,1,1,1.0
3848,1,0,0.0
3853,1,0,0.0
3856,2,0,0.0
3858,1,1,1.0
3860,2,0,0.0
3861,2,1,0.5
